id,character,koreanReading,meaning,allowedForName,isCommonSurname,genderPreference,source,sourceVersion,sourceNote
200001,金,김,,,true,NEUTRAL,통계청 2015 인구주택총조사 성씨·본관별 인구,2015,"전국 10,689,959명 · KOSIS DT_1IN15SB"
200002,李,이,,,true,NEUTRAL,통계청 2015 인구주택총조사 성씨·본관별 인구,2015,"전국 7,306,828명 · KOSIS DT_1IN15SB"
200003,朴,박,,,true,NEUTRAL,통계청 2015 인구주택총조사 성씨·본관별 인구,2015,"전국 4,192,074명 · KOSIS DT_1IN15SB"
200004,崔,최,,,true,NEUTRAL,통계청 2015 인구주택총조사 성씨·본관별 인구,2015,"전국 2,333,927명 · KOSIS DT_1IN15SB"
200005,鄭,정,,,true,NEUTRAL,통계청 2015 인구주택총조사 성씨·본관별 인구,2015,"전국 2,151,879명 · KOSIS DT_1IN15SB"
200006,姜,강,,,true,NEUTRAL,통계청 2015 인구주택총조사 성씨·본관별 인구,2015,"전국 1,176,847명 · KOSIS DT_1IN15SB"
200007,趙,조,,,true,NEUTRAL,통계청 2015 인구주택총조사 성씨·본관별 인구,2015,"전국 1,055,567명 · KOSIS DT_1IN15SB"
200008,尹,윤,,,true,NEUTRAL,통계청 2015 인구주택총조사 성씨·본관별 인구,2015,"전국 1,020,547명 · KOSIS DT_1IN15SB"
200009,張,장,,,true,NEUTRAL,통계청 2015 인구주택총조사 성씨·본관별 인구,2015,"전국 992,721명 · KOSIS DT_1IN15SB"
200010,林,임,,,true,NEUTRAL,통계청 2015 인구주택총조사 성씨·본관별 인구,2015,"전국 823,921명 · KOSIS DT_1IN15SB"
200011,韓,한,,,true,NEUTRAL,통계청 2015 인구주택총조사 성씨·본관별 인구,2015,"전국 773,404명 · KOSIS DT_1IN15SB"
200012,吳,오,,,true,NEUTRAL,통계청 2015 인구주택총조사 성씨·본관별 인구,2015,"전국 763,281명 · KOSIS DT_1IN15SB"
200013,徐,서,,,true,NEUTRAL,통계청 2015 인구주택총조사 성씨·본관별 인구,2015,"전국 751,704명 · KOSIS DT_1IN15SB"
200014,申,신,,,true,NEUTRAL,통계청 2015 인구주택총조사 성씨·본관별 인구,2015,"전국 741,081명 · KOSIS DT_1IN15SB"
200015,權,권,,,true,NEUTRAL,통계청 2015 인구주택총조사 성씨·본관별 인구,2015,"전국 705,941명 · KOSIS DT_1IN15SB"
200016,黃,황,,,true,NEUTRAL,통계청 2015 인구주택총조사 성씨·본관별 인구,2015,"전국 697,171명 · KOSIS DT_1IN15SB"
200017,安,안,,,true,NEUTRAL,통계청 2015 인구주택총조사 성씨·본관별 인구,2015,"전국 685,639명 · KOSIS DT_1IN15SB"
200018,宋,송,,,true,NEUTRAL,통계청 2015 인구주택총조사 성씨·본관별 인구,2015,"전국 683,494명 · KOSIS DT_1IN15SB"
200019,全,전,,,true,NEUTRAL,통계청 2015 인구주택총조사 성씨·본관별 인구,2015,"전국 559,110명 · KOSIS DT_1IN15SB"
200020,洪,홍,,,true,NEUTRAL,통계청 2015 인구주택총조사 성씨·본관별 인구,2015,"전국 558,853명 · KOSIS DT_1IN15SB"
200021,柳,유,,,true,NEUTRAL,통계청 2015 인구주택총조사 성씨·본관별 인구,2015,"전국 478,990명 · KOSIS DT_1IN15SB"
200022,高,고,,,true,NEUTRAL,통계청 2015 인구주택총조사 성씨·본관별 인구,2015,"전국 471,396명 · KOSIS DT_1IN15SB"
200023,文,문,,,true,NEUTRAL,통계청 2015 인구주택총조사 성씨·본관별 인구,2015,"전국 464,040명 · KOSIS DT_1IN15SB"
200024,梁,양,,,true,NEUTRAL,통계청 2015 인구주택총조사 성씨·본관별 인구,2015,"전국 460,600명 · KOSIS DT_1IN15SB"
200025,孫,손,,,true,NEUTRAL,통계청 2015 인구주택총조사 성씨·본관별 인구,2015,"전국 457,303명 · KOSIS DT_1IN15SB"
200026,裵,배,,,true,NEUTRAL,통계청 2015 인구주택총조사 성씨·본관별 인구,2015,"전국 400,641명 · KOSIS DT_1IN15SB"
200027,曺,조,,,true,NEUTRAL,통계청 2015 인구주택총조사 성씨·본관별 인구,2015,"전국 398,260명 · KOSIS DT_1IN15SB"
200028,白,백,,,true,NEUTRAL,통계청 2015 인구주택총조사 성씨·본관별 인구,2015,"전국 381,986명 · KOSIS DT_1IN15SB"
200029,許,허,,,true,NEUTRAL,통계청 2015 인구주택총조사 성씨·본관별 인구,2015,"전국 326,770명 · KOSIS DT_1IN15SB"
200030,劉,유,,,true,NEUTRAL,통계청 2015 인구주택총조사 성씨·본관별 인구,2015,"전국 302,511명 · KOSIS DT_1IN15SB"
200031,南,남,,,true,NEUTRAL,통계청 2015 인구주택총조사 성씨·본관별 인구,2015,"전국 275,648명 · KOSIS DT_1IN15SB"
200032,沈,심,,,true,NEUTRAL,통계청 2015 인구주택총조사 성씨·본관별 인구,2015,"전국 271,749명 · KOSIS DT_1IN15SB"
200033,盧,노,,,true,NEUTRAL,통계청 2015 인구주택총조사 성씨·본관별 인구,2015,"전국 256,229명 · KOSIS DT_1IN15SB"
200034,丁,정,,,true,NEUTRAL,통계청 2015 인구주택총조사 성씨·본관별 인구,2015,"전국 243,803명 · KOSIS DT_1IN15SB"
200035,河,하,,,true,NEUTRAL,통계청 2015 인구주택총조사 성씨·본관별 인구,2015,"전국 230,481명 · KOSIS DT_1IN15SB"
200036,郭,곽,,,true,NEUTRAL,통계청 2015 인구주택총조사 성씨·본관별 인구,2015,"전국 203,188명 · KOSIS DT_1IN15SB"
200037,成,성,,,true,NEUTRAL,통계청 2015 인구주택총조사 성씨·본관별 인구,2015,"전국 199,124명 · KOSIS DT_1IN15SB"
200038,車,차,,,true,NEUTRAL,통계청 2015 인구주택총조사 성씨·본관별 인구,2015,"전국 194,782명 · KOSIS DT_1IN15SB"
200039,朱,주,,,true,NEUTRAL,통계청 2015 인구주택총조사 성씨·본관별 인구,2015,"전국 194,766명 · KOSIS DT_1IN15SB"
200040,禹,우,,,true,NEUTRAL,통계청 2015 인구주택총조사 성씨·본관별 인구,2015,"전국 194,713명 · KOSIS DT_1IN15SB"
200041,具,구,,,true,NEUTRAL,통계청 2015 인구주택총조사 성씨·본관별 인구,2015,"전국 193,080명 · KOSIS DT_1IN15SB"
200042,辛,신,,,true,NEUTRAL,통계청 2015 인구주택총조사 성씨·본관별 인구,2015,"전국 192,877명 · KOSIS DT_1IN15SB"
200043,任,임,,,true,NEUTRAL,통계청 2015 인구주택총조사 성씨·본관별 인구,2015,"전국 191,261명 · KOSIS DT_1IN15SB"
200044,田,전,,,true,NEUTRAL,통계청 2015 인구주택총조사 성씨·본관별 인구,2015,"전국 186,469명 · KOSIS DT_1IN15SB"
200045,閔,민,,,true,NEUTRAL,통계청 2015 인구주택총조사 성씨·본관별 인구,2015,"전국 171,740명 · KOSIS DT_1IN15SB"
200046,兪,유,,,true,NEUTRAL,통계청 2015 인구주택총조사 성씨·본관별 인구,2015,"전국 167,927명 · KOSIS DT_1IN15SB"
200047,柳,류,,,true,NEUTRAL,통계청 2015 인구주택총조사 성씨·본관별 인구,2015,"전국 163,703명 · KOSIS DT_1IN15SB"
200048,羅,나,,,true,NEUTRAL,통계청 2015 인구주택총조사 성씨·본관별 인구,2015,"전국 160,946명 · KOSIS DT_1IN15SB"
200049,陳,진,,,true,NEUTRAL,통계청 2015 인구주택총조사 성씨·본관별 인구,2015,"전국 157,599명 · KOSIS DT_1IN15SB"
200050,池,지,,,true,NEUTRAL,통계청 2015 인구주택총조사 성씨·본관별 인구,2015,"전국 153,491명 · KOSIS DT_1IN15SB"
200051,嚴,엄,,,true,NEUTRAL,통계청 2015 인구주택총조사 성씨·본관별 인구,2015,"전국 144,425명 · KOSIS DT_1IN15SB"
200052,蔡,채,,,true,NEUTRAL,통계청 2015 인구주택총조사 성씨·본관별 인구,2015,"전국 131,557명 · KOSIS DT_1IN15SB"
200053,元,원,,,true,NEUTRAL,통계청 2015 인구주택총조사 성씨·본관별 인구,2015,"전국 129,522명 · KOSIS DT_1IN15SB"
200054,千,천,,,true,NEUTRAL,통계청 2015 인구주택총조사 성씨·본관별 인구,2015,"전국 121,780명 · KOSIS DT_1IN15SB"
200055,方,방,,,true,NEUTRAL,통계청 2015 인구주택총조사 성씨·본관별 인구,2015,"전국 94,831명 · KOSIS DT_1IN15SB"
200056,孔,공,,,true,NEUTRAL,통계청 2015 인구주택총조사 성씨·본관별 인구,2015,"전국 91,869명 · KOSIS DT_1IN15SB"
200057,康,강,,,true,NEUTRAL,통계청 2015 인구주택총조사 성씨·본관별 인구,2015,"전국 91,625명 · KOSIS DT_1IN15SB"
200058,玄,현,,,true,NEUTRAL,통계청 2015 인구주택총조사 성씨·본관별 인구,2015,"전국 88,824명 · KOSIS DT_1IN15SB"
200059,咸,함,,,true,NEUTRAL,통계청 2015 인구주택총조사 성씨·본관별 인구,2015,"전국 80,659명 · KOSIS DT_1IN15SB"
200060,卞,변,,,true,NEUTRAL,통계청 2015 인구주택총조사 성씨·본관별 인구,2015,"전국 78,156명 · KOSIS DT_1IN15SB"
200061,廉,염,,,true,NEUTRAL,통계청 2015 인구주택총조사 성씨·본관별 인구,2015,"전국 69,387명 · KOSIS DT_1IN15SB"
200062,楊,양,,,true,NEUTRAL,통계청 2015 인구주택총조사 성씨·본관별 인구,2015,"전국 69,101명 · KOSIS DT_1IN15SB"
200063,邊,변,,,true,NEUTRAL,통계청 2015 인구주택총조사 성씨·본관별 인구,2015,"전국 60,633명 · KOSIS DT_1IN15SB"
200064,呂,여,,,true,NEUTRAL,통계청 2015 인구주택총조사 성씨·본관별 인구,2015,"전국 60,522명 · KOSIS DT_1IN15SB"
200065,秋,추,,,true,NEUTRAL,통계청 2015 인구주택총조사 성씨·본관별 인구,2015,"전국 60,483명 · KOSIS DT_1IN15SB"
200066,魯,노,,,true,NEUTRAL,통계청 2015 인구주택총조사 성씨·본관별 인구,2015,"전국 58,698명 · KOSIS DT_1IN15SB"
200067,都,도,,,true,NEUTRAL,통계청 2015 인구주택총조사 성씨·본관별 인구,2015,"전국 56,850명 · KOSIS DT_1IN15SB"
200068,蘇,소,,,true,NEUTRAL,통계청 2015 인구주택총조사 성씨·본관별 인구,2015,"전국 52,427명 · KOSIS DT_1IN15SB"
200069,愼,신,,,true,NEUTRAL,통계청 2015 인구주택총조사 성씨·본관별 인구,2015,"전국 51,865명 · KOSIS DT_1IN15SB"
200070,石,석,,,true,NEUTRAL,통계청 2015 인구주택총조사 성씨·본관별 인구,2015,"전국 49,203명 · KOSIS DT_1IN15SB"
200071,宣,선,,,true,NEUTRAL,통계청 2015 인구주택총조사 성씨·본관별 인구,2015,"전국 42,733명 · KOSIS DT_1IN15SB"
200072,薛,설,,,true,NEUTRAL,통계청 2015 인구주택총조사 성씨·본관별 인구,2015,"전국 42,646명 · KOSIS DT_1IN15SB"
200073,馬,마,,,true,NEUTRAL,통계청 2015 인구주택총조사 성씨·본관별 인구,2015,"전국 38,949명 · KOSIS DT_1IN15SB"
200074,吉,길,,,true,NEUTRAL,통계청 2015 인구주택총조사 성씨·본관별 인구,2015,"전국 38,173명 · KOSIS DT_1IN15SB"
200075,周,주,,,true,NEUTRAL,통계청 2015 인구주택총조사 성씨·본관별 인구,2015,"전국 37,240명 · KOSIS DT_1IN15SB"
200076,延,연,,,true,NEUTRAL,통계청 2015 인구주택총조사 성씨·본관별 인구,2015,"전국 34,766명 · KOSIS DT_1IN15SB"
200077,房,방,,,true,NEUTRAL,통계청 2015 인구주택총조사 성씨·본관별 인구,2015,"전국 33,520명 · KOSIS DT_1IN15SB"
200078,魏,위,,,true,NEUTRAL,통계청 2015 인구주택총조사 성씨·본관별 인구,2015,"전국 31,342명 · KOSIS DT_1IN15SB"
200079,表,표,,,true,NEUTRAL,통계청 2015 인구주택총조사 성씨·본관별 인구,2015,"전국 30,743명 · KOSIS DT_1IN15SB"
200080,明,명,,,true,NEUTRAL,통계청 2015 인구주택총조사 성씨·본관별 인구,2015,"전국 29,110명 · KOSIS DT_1IN15SB"
200081,奇,기,,,true,NEUTRAL,통계청 2015 인구주택총조사 성씨·본관별 인구,2015,"전국 28,829명 · KOSIS DT_1IN15SB"
200082,潘,반,,,true,NEUTRAL,통계청 2015 인구주택총조사 성씨·본관별 인구,2015,"전국 28,062명 · KOSIS DT_1IN15SB"
200083,羅,라,,,true,NEUTRAL,통계청 2015 인구주택총조사 성씨·본관별 인구,2015,"전국 25,960명 · KOSIS DT_1IN15SB"
200084,王,왕,,,true,NEUTRAL,통계청 2015 인구주택총조사 성씨·본관별 인구,2015,"전국 25,565명 · KOSIS DT_1IN15SB"
200085,琴,금,,,true,NEUTRAL,통계청 2015 인구주택총조사 성씨·본관별 인구,2015,"전국 25,432명 · KOSIS DT_1IN15SB"
200086,玉,옥,,,true,NEUTRAL,통계청 2015 인구주택총조사 성씨·본관별 인구,2015,"전국 25,107명 · KOSIS DT_1IN15SB"
200087,陸,육,,,true,NEUTRAL,통계청 2015 인구주택총조사 성씨·본관별 인구,2015,"전국 23,455명 · KOSIS DT_1IN15SB"
200088,印,인,,,true,NEUTRAL,통계청 2015 인구주택총조사 성씨·본관별 인구,2015,"전국 22,363명 · KOSIS DT_1IN15SB"
200089,孟,맹,,,true,NEUTRAL,통계청 2015 인구주택총조사 성씨·본관별 인구,2015,"전국 22,028명 · KOSIS DT_1IN15SB"
200090,諸,제,,,true,NEUTRAL,통계청 2015 인구주택총조사 성씨·본관별 인구,2015,"전국 21,976명 · KOSIS DT_1IN15SB"
200091,牟,모,,,true,NEUTRAL,통계청 2015 인구주택총조사 성씨·본관별 인구,2015,"전국 21,534명 · KOSIS DT_1IN15SB"
200092,蔣,장,,,true,NEUTRAL,통계청 2015 인구주택총조사 성씨·본관별 인구,2015,"전국 21,508명 · KOSIS DT_1IN15SB"
200093,南宮,남궁,,,true,NEUTRAL,통계청 2015 인구주택총조사 성씨·본관별 인구,2015,"전국 21,308명 · KOSIS DT_1IN15SB"
200094,卓,탁,,,true,NEUTRAL,통계청 2015 인구주택총조사 성씨·본관별 인구,2015,"전국 21,099명 · KOSIS DT_1IN15SB"
200095,鞠,국,,,true,NEUTRAL,통계청 2015 인구주택총조사 성씨·본관별 인구,2015,"전국 20,547명 · KOSIS DT_1IN15SB"
200096,余,여,,,true,NEUTRAL,통계청 2015 인구주택총조사 성씨·본관별 인구,2015,"전국 20,134명 · KOSIS DT_1IN15SB"
200097,秦,진,,,true,NEUTRAL,통계청 2015 인구주택총조사 성씨·본관별 인구,2015,"전국 19,301명 · KOSIS DT_1IN15SB"
200098,魚,어,,,true,NEUTRAL,통계청 2015 인구주택총조사 성씨·본관별 인구,2015,"전국 18,849명 · KOSIS DT_1IN15SB"
200099,殷,은,,,true,NEUTRAL,통계청 2015 인구주택총조사 성씨·본관별 인구,2015,"전국 16,894명 · KOSIS DT_1IN15SB"
200100,片,편,,,true,NEUTRAL,통계청 2015 인구주택총조사 성씨·본관별 인구,2015,"전국 16,689명 · KOSIS DT_1IN15SB"
200101,丘,구,,,true,NEUTRAL,통계청 2015 인구주택총조사 성씨·본관별 인구,2015,"전국 15,382명 · KOSIS DT_1IN15SB"
200102,龍,용,,,true,NEUTRAL,통계청 2015 인구주택총조사 성씨·본관별 인구,2015,"전국 15,276명 · KOSIS DT_1IN15SB"
200103,庾,유,,,true,NEUTRAL,통계청 2015 인구주택총조사 성씨·본관별 인구,2015,"전국 13,868명 · KOSIS DT_1IN15SB"
200104,芮,예,,,true,NEUTRAL,통계청 2015 인구주택총조사 성씨·본관별 인구,2015,"전국 13,568명 · KOSIS DT_1IN15SB"
200105,慶,경,,,true,NEUTRAL,통계청 2015 인구주택총조사 성씨·본관별 인구,2015,"전국 13,012명 · KOSIS DT_1IN15SB"
200106,奉,봉,,,true,NEUTRAL,통계청 2015 인구주택총조사 성씨·본관별 인구,2015,"전국 12,927명 · KOSIS DT_1IN15SB"
200107,程,정,,,true,NEUTRAL,통계청 2015 인구주택총조사 성씨·본관별 인구,2015,"전국 11,683명 · KOSIS DT_1IN15SB"
200108,昔,석,,,true,NEUTRAL,통계청 2015 인구주택총조사 성씨·본관별 인구,2015,"전국 11,355명 · KOSIS DT_1IN15SB"
200109,史,사,,,true,NEUTRAL,통계청 2015 인구주택총조사 성씨·본관별 인구,2015,"전국 10,730명 · KOSIS DT_1IN15SB"
200110,夫,부,,,true,NEUTRAL,통계청 2015 인구주택총조사 성씨·본관별 인구,2015,"전국 10,536명 · KOSIS DT_1IN15SB"
200111,皇甫,황보,,,true,NEUTRAL,통계청 2015 인구주택총조사 성씨·본관별 인구,2015,"전국 10,383명 · KOSIS DT_1IN15SB"
200112,賈,가,,,true,NEUTRAL,통계청 2015 인구주택총조사 성씨·본관별 인구,2015,"전국 9,936명 · KOSIS DT_1IN15SB"
200113,卜,복,,,true,NEUTRAL,통계청 2015 인구주택총조사 성씨·본관별 인구,2015,"전국 9,538명 · KOSIS DT_1IN15SB"
200114,太,태,,,true,NEUTRAL,통계청 2015 인구주택총조사 성씨·본관별 인구,2015,"전국 9,063명 · KOSIS DT_1IN15SB"
200115,睦,목,,,true,NEUTRAL,통계청 2015 인구주택총조사 성씨·본관별 인구,2015,"전국 8,848명 · KOSIS DT_1IN15SB"
200116,晋,진,,,true,NEUTRAL,통계청 2015 인구주택총조사 성씨·본관별 인구,2015,"전국 7,566명 · KOSIS DT_1IN15SB"
200117,邢,형,,,true,NEUTRAL,통계청 2015 인구주택총조사 성씨·본관별 인구,2015,"전국 7,239명 · KOSIS DT_1IN15SB"
200118,桂,계,,,true,NEUTRAL,통계청 2015 인구주택총조사 성씨·본관별 인구,2015,"전국 6,636명 · KOSIS DT_1IN15SB"
200119,催,최,,,true,NEUTRAL,통계청 2015 인구주택총조사 성씨·본관별 인구,2015,"전국 6,582명 · KOSIS DT_1IN15SB"
200120,皮,피,,,true,NEUTRAL,통계청 2015 인구주택총조사 성씨·본관별 인구,2015,"전국 6,578명 · KOSIS DT_1IN15SB"
200121,杜,두,,,true,NEUTRAL,통계청 2015 인구주택총조사 성씨·본관별 인구,2015,"전국 6,428명 · KOSIS DT_1IN15SB"
200122,智,지,,,true,NEUTRAL,통계청 2015 인구주택총조사 성씨·본관별 인구,2015,"전국 6,070명 · KOSIS DT_1IN15SB"
200123,甘,감,,,true,NEUTRAL,통계청 2015 인구주택총조사 성씨·본관별 인구,2015,"전국 6,024명 · KOSIS DT_1IN15SB"
200124,章,장,,,true,NEUTRAL,통계청 2015 인구주택총조사 성씨·본관별 인구,2015,"전국 5,764명 · KOSIS DT_1IN15SB"
200125,諸葛,제갈,,,true,NEUTRAL,통계청 2015 인구주택총조사 성씨·본관별 인구,2015,"전국 5,655명 · KOSIS DT_1IN15SB"
200126,陰,음,,,true,NEUTRAL,통계청 2015 인구주택총조사 성씨·본관별 인구,2015,"전국 5,604명 · KOSIS DT_1IN15SB"
200127,賓,빈,,,true,NEUTRAL,통계청 2015 인구주택총조사 성씨·본관별 인구,2015,"전국 5,593명 · KOSIS DT_1IN15SB"
200128,董,동,,,true,NEUTRAL,통계청 2015 인구주택총조사 성씨·본관별 인구,2015,"전국 5,462명 · KOSIS DT_1IN15SB"
200129,溫,온,,,true,NEUTRAL,통계청 2015 인구주택총조사 성씨·본관별 인구,2015,"전국 5,418명 · KOSIS DT_1IN15SB"
200130,司空,사공,,,true,NEUTRAL,통계청 2015 인구주택총조사 성씨·본관별 인구,2015,"전국 4,476명 · KOSIS DT_1IN15SB"
200131,扈,호,,,true,NEUTRAL,통계청 2015 인구주택총조사 성씨·본관별 인구,2015,"전국 4,340명 · KOSIS DT_1IN15SB"
200132,景,경,,,true,NEUTRAL,통계청 2015 인구주택총조사 성씨·본관별 인구,2015,"전국 3,923명 · KOSIS DT_1IN15SB"
200133,范,범,,,true,NEUTRAL,통계청 2015 인구주택총조사 성씨·본관별 인구,2015,"전국 3,826명 · KOSIS DT_1IN15SB"
200134,錢,전,,,true,NEUTRAL,통계청 2015 인구주택총조사 성씨·본관별 인구,2015,"전국 3,678명 · KOSIS DT_1IN15SB"
200135,鮮于,선우,,,true,NEUTRAL,통계청 2015 인구주택총조사 성씨·본관별 인구,2015,"전국 3,588명 · KOSIS DT_1IN15SB"
200136,左,좌,,,true,NEUTRAL,통계청 2015 인구주택총조사 성씨·본관별 인구,2015,"전국 3,378명 · KOSIS DT_1IN15SB"
200137,偰,설,,,true,NEUTRAL,통계청 2015 인구주택총조사 성씨·본관별 인구,2015,"전국 2,937명 · KOSIS DT_1IN15SB"
200138,彭,팽,,,true,NEUTRAL,통계청 2015 인구주택총조사 성씨·본관별 인구,2015,"전국 2,935명 · KOSIS DT_1IN15SB"
200139,承,승,,,true,NEUTRAL,통계청 2015 인구주택총조사 성씨·본관별 인구,2015,"전국 2,619명 · KOSIS DT_1IN15SB"
200140,簡,간,,,true,NEUTRAL,통계청 2015 인구주택총조사 성씨·본관별 인구,2015,"전국 2,520명 · KOSIS DT_1IN15SB"
200141,夏,하,,,true,NEUTRAL,통계청 2015 인구주택총조사 성씨·본관별 인구,2015,"전국 2,475명 · KOSIS DT_1IN15SB"
200142,尙,상,,,true,NEUTRAL,통계청 2015 인구주택총조사 성씨·본관별 인구,2015,"전국 2,376명 · KOSIS DT_1IN15SB"
200143,施,시,,,true,NEUTRAL,통계청 2015 인구주택총조사 성씨·본관별 인구,2015,"전국 2,235명 · KOSIS DT_1IN15SB"
200144,柴,시,,,true,NEUTRAL,통계청 2015 인구주택총조사 성씨·본관별 인구,2015,"전국 2,114명 · KOSIS DT_1IN15SB"
200145,葛,갈,,,true,NEUTRAL,통계청 2015 인구주택총조사 성씨·본관별 인구,2015,"전국 2,086명 · KOSIS DT_1IN15SB"
200146,西門,서문,,,true,NEUTRAL,통계청 2015 인구주택총조사 성씨·본관별 인구,2015,"전국 2,028명 · KOSIS DT_1IN15SB"
200147,陣,진,,,true,NEUTRAL,통계청 2015 인구주택총조사 성씨·본관별 인구,2015,"전국 1,740명 · KOSIS DT_1IN15SB"
200148,段,단,,,true,NEUTRAL,통계청 2015 인구주택총조사 성씨·본관별 인구,2015,"전국 1,612명 · KOSIS DT_1IN15SB"
200149,胡,호,,,true,NEUTRAL,통계청 2015 인구주택총조사 성씨·본관별 인구,2015,"전국 1,494명 · KOSIS DT_1IN15SB"
200150,邵,소,,,true,NEUTRAL,통계청 2015 인구주택총조사 성씨·본관별 인구,2015,"전국 1,309명 · KOSIS DT_1IN15SB"
200151,甄,견,,,true,NEUTRAL,통계청 2015 인구주택총조사 성씨·본관별 인구,2015,"전국 1,251명 · KOSIS DT_1IN15SB"
200152,唐,당,,,true,NEUTRAL,통계청 2015 인구주택총조사 성씨·본관별 인구,2015,"전국 1,146명 · KOSIS DT_1IN15SB"
200153,陶,도,,,true,NEUTRAL,통계청 2015 인구주택총조사 성씨·본관별 인구,2015,"전국 1,037명 · KOSIS DT_1IN15SB"
200154,化,화,,,true,NEUTRAL,통계청 2015 인구주택총조사 성씨·본관별 인구,2015,전국 915명 · KOSIS DT_1IN15SB
200155,昌,창,,,true,NEUTRAL,통계청 2015 인구주택총조사 성씨·본관별 인구,2015,전국 908명 · KOSIS DT_1IN15SB
200156,龐,방,,,true,NEUTRAL,통계청 2015 인구주택총조사 성씨·본관별 인구,2015,전국 893명 · KOSIS DT_1IN15SB
200157,邕,옹,,,true,NEUTRAL,통계청 2015 인구주택총조사 성씨·본관별 인구,2015,전국 837명 · KOSIS DT_1IN15SB
200158,韋,위,,,true,NEUTRAL,통계청 2015 인구주택총조사 성씨·본관별 인구,2015,전국 834명 · KOSIS DT_1IN15SB
200159,昇,승,,,true,NEUTRAL,통계청 2015 인구주택총조사 성씨·본관별 인구,2015,전국 811명 · KOSIS DT_1IN15SB
200160,荀,순,,,true,NEUTRAL,통계청 2015 인구주택총조사 성씨·본관별 인구,2015,전국 791명 · KOSIS DT_1IN15SB
200161,強,강,,,true,NEUTRAL,통계청 2015 인구주택총조사 성씨·본관별 인구,2015,전국 770명 · KOSIS DT_1IN15SB
200162,氷,빙,,,true,NEUTRAL,통계청 2015 인구주택총조사 성씨·본관별 인구,2015,전국 763명 · KOSIS DT_1IN15SB
200163,于,우,,,true,NEUTRAL,통계청 2015 인구주택총조사 성씨·본관별 인구,2015,전국 756명 · KOSIS DT_1IN15SB
200164,鍾,종,,,true,NEUTRAL,통계청 2015 인구주택총조사 성씨·본관별 인구,2015,전국 675명 · KOSIS DT_1IN15SB
200165,馮,풍,,,true,NEUTRAL,통계청 2015 인구주택총조사 성씨·본관별 인구,2015,전국 651명 · KOSIS DT_1IN15SB
200166,大,대,,,true,NEUTRAL,통계청 2015 인구주택총조사 성씨·본관별 인구,2015,전국 646명 · KOSIS DT_1IN15SB
200167,葉,엽,,,true,NEUTRAL,통계청 2015 인구주택총조사 성씨·본관별 인구,2015,전국 571명 · KOSIS DT_1IN15SB
200168,地,지,,,true,NEUTRAL,통계청 2015 인구주택총조사 성씨·본관별 인구,2015,전국 568명 · KOSIS DT_1IN15SB
200169,弓,궁,,,true,NEUTRAL,통계청 2015 인구주택총조사 성씨·본관별 인구,2015,전국 557명 · KOSIS DT_1IN15SB
200170,阿,아,,,true,NEUTRAL,통계청 2015 인구주택총조사 성씨·본관별 인구,2015,전국 529명 · KOSIS DT_1IN15SB
200171,平,평,,,true,NEUTRAL,통계청 2015 인구주택총조사 성씨·본관별 인구,2015,전국 515명 · KOSIS DT_1IN15SB
200172,獨孤,독고,,,true,NEUTRAL,통계청 2015 인구주택총조사 성씨·본관별 인구,2015,전국 502명 · KOSIS DT_1IN15SB
200173,袁,원,,,true,NEUTRAL,통계청 2015 인구주택총조사 성씨·본관별 인구,2015,전국 498명 · KOSIS DT_1IN15SB
200174,公,공,,,true,NEUTRAL,통계청 2015 인구주택총조사 성씨·본관별 인구,2015,전국 471명 · KOSIS DT_1IN15SB
200175,粱,양,,,true,NEUTRAL,통계청 2015 인구주택총조사 성씨·본관별 인구,2015,전국 446명 · KOSIS DT_1IN15SB
200176,莊,장,,,true,NEUTRAL,통계청 2015 인구주택총조사 성씨·본관별 인구,2015,전국 445명 · KOSIS DT_1IN15SB
200177,百,백,,,true,NEUTRAL,통계청 2015 인구주택총조사 성씨·본관별 인구,2015,전국 443명 · KOSIS DT_1IN15SB
200178,堅,견,,,true,NEUTRAL,통계청 2015 인구주택총조사 성씨·본관별 인구,2015,전국 433명 · KOSIS DT_1IN15SB
200179,長,장,,,true,NEUTRAL,통계청 2015 인구주택총조사 성씨·본관별 인구,2015,전국 409명 · KOSIS DT_1IN15SB
200180,俆,서,,,true,NEUTRAL,통계청 2015 인구주택총조사 성씨·본관별 인구,2015,전국 383명 · KOSIS DT_1IN15SB
200181,毛,모,,,true,NEUTRAL,통계청 2015 인구주택총조사 성씨·본관별 인구,2015,전국 361명 · KOSIS DT_1IN15SB
200182,乃,내,,,true,NEUTRAL,통계청 2015 인구주택총조사 성씨·본관별 인구,2015,전국 352명 · KOSIS DT_1IN15SB
200183,異,이,,,true,NEUTRAL,통계청 2015 인구주택총조사 성씨·본관별 인구,2015,전국 339명 · KOSIS DT_1IN15SB
200184,蕫,동,,,true,NEUTRAL,통계청 2015 인구주택총조사 성씨·본관별 인구,2015,전국 319명 · KOSIS DT_1IN15SB
200185,判,판,,,true,NEUTRAL,통계청 2015 인구주택총조사 성씨·본관별 인구,2015,전국 278명 · KOSIS DT_1IN15SB
200186,邦,방,,,true,NEUTRAL,통계청 2015 인구주택총조사 성씨·본관별 인구,2015,전국 277명 · KOSIS DT_1IN15SB
200187,劉,류,,,true,NEUTRAL,통계청 2015 인구주택총조사 성씨·본관별 인구,2015,전국 271명 · KOSIS DT_1IN15SB
200188,勸,권,,,true,NEUTRAL,통계청 2015 인구주택총조사 성씨·본관별 인구,2015,전국 250명 · KOSIS DT_1IN15SB
200189,麻,마,,,true,NEUTRAL,통계청 2015 인구주택총조사 성씨·본관별 인구,2015,전국 247명 · KOSIS DT_1IN15SB
200190,李,리,,,true,NEUTRAL,통계청 2015 인구주택총조사 성씨·본관별 인구,2015,전국 240명 · KOSIS DT_1IN15SB
200191,皇,황,,,true,NEUTRAL,통계청 2015 인구주택총조사 성씨·본관별 인구,2015,전국 232명 · KOSIS DT_1IN15SB
200192,筍,순,,,true,NEUTRAL,통계청 2015 인구주택총조사 성씨·본관별 인구,2015,전국 217명 · KOSIS DT_1IN15SB
200193,儼,엄,,,true,NEUTRAL,통계청 2015 인구주택총조사 성씨·본관별 인구,2015,전국 217명 · KOSIS DT_1IN15SB
200194,揚,양,,,true,NEUTRAL,통계청 2015 인구주택총조사 성씨·본관별 인구,2015,전국 214명 · KOSIS DT_1IN15SB
200195,梅,매,,,true,NEUTRAL,통계청 2015 인구주택총조사 성씨·본관별 인구,2015,전국 201명 · KOSIS DT_1IN15SB
200196,楚,초,,,true,NEUTRAL,통계청 2015 인구주택총조사 성씨·본관별 인구,2015,전국 200명 · KOSIS DT_1IN15SB
200197,蘆,노,,,true,NEUTRAL,통계청 2015 인구주택총조사 성씨·본관별 인구,2015,전국 195명 · KOSIS DT_1IN15SB
200198,倉,창,,,true,NEUTRAL,통계청 2015 인구주택총조사 성씨·본관별 인구,2015,전국 187명 · KOSIS DT_1IN15SB
200199,菜,채,,,true,NEUTRAL,통계청 2015 인구주택총조사 성씨·본관별 인구,2015,전국 186명 · KOSIS DT_1IN15SB
200200,沁,심,,,true,NEUTRAL,통계청 2015 인구주택총조사 성씨·본관별 인구,2015,전국 185명 · KOSIS DT_1IN15SB
200201,鴌,궉,,,true,NEUTRAL,통계청 2015 인구주택총조사 성씨·본관별 인구,2015,전국 183명 · KOSIS DT_1IN15SB
200202,浪,낭,,,true,NEUTRAL,통계청 2015 인구주택총조사 성씨·본관별 인구,2015,전국 181명 · KOSIS DT_1IN15SB
200203,東方,동방,,,true,NEUTRAL,통계청 2015 인구주택총조사 성씨·본관별 인구,2015,전국 180명 · KOSIS DT_1IN15SB
200204,路,노,,,true,NEUTRAL,통계청 2015 인구주택총조사 성씨·본관별 인구,2015,전국 178명 · KOSIS DT_1IN15SB
200205,寓,우,,,true,NEUTRAL,통계청 2015 인구주택총조사 성씨·본관별 인구,2015,전국 173명 · KOSIS DT_1IN15SB
200206,墨,묵,,,true,NEUTRAL,통계청 2015 인구주택총조사 성씨·본관별 인구,2015,전국 172명 · KOSIS DT_1IN15SB
200207,廓,곽,,,true,NEUTRAL,통계청 2015 인구주택총조사 성씨·본관별 인구,2015,전국 171명 · KOSIS DT_1IN15SB
200208,斤,근,,,true,NEUTRAL,통계청 2015 인구주택총조사 성씨·본관별 인구,2015,전국 170명 · KOSIS DT_1IN15SB
200209,彬,빈,,,true,NEUTRAL,통계청 2015 인구주택총조사 성씨·본관별 인구,2015,전국 169명 · KOSIS DT_1IN15SB
200210,寄,기,,,true,NEUTRAL,통계청 2015 인구주택총조사 성씨·본관별 인구,2015,전국 167명 · KOSIS DT_1IN15SB
200211,陽,양,,,true,NEUTRAL,통계청 2015 인구주택총조사 성씨·본관별 인구,2015,전국 163명 · KOSIS DT_1IN15SB
200212,班,반,,,true,NEUTRAL,통계청 2015 인구주택총조사 성씨·본관별 인구,2015,전국 161명 · KOSIS DT_1IN15SB
200213,占,점,,,true,NEUTRAL,통계청 2015 인구주택총조사 성씨·본관별 인구,2015,전국 158명 · KOSIS DT_1IN15SB
200214,彈,탄,,,true,NEUTRAL,통계청 2015 인구주택총조사 성씨·본관별 인구,2015,전국 149명 · KOSIS DT_1IN15SB
200215,舜,순,,,true,NEUTRAL,통계청 2015 인구주택총조사 성씨·본관별 인구,2015,전국 147명 · KOSIS DT_1IN15SB
200216,海,해,,,true,NEUTRAL,통계청 2015 인구주택총조사 성씨·본관별 인구,2015,전국 146명 · KOSIS DT_1IN15SB
200217,天,천,,,true,NEUTRAL,통계청 2015 인구주택총조사 성씨·본관별 인구,2015,전국 141명 · KOSIS DT_1IN15SB
200218,政,정,,,true,NEUTRAL,통계청 2015 인구주택총조사 성씨·본관별 인구,2015,전국 139명 · KOSIS DT_1IN15SB
200219,童,동,,,true,NEUTRAL,통계청 2015 인구주택총조사 성씨·본관별 인구,2015,전국 136명 · KOSIS DT_1IN15SB
200220,司,사,,,true,NEUTRAL,통계청 2015 인구주택총조사 성씨·본관별 인구,2015,전국 135명 · KOSIS DT_1IN15SB
200221,雍,옹,,,true,NEUTRAL,통계청 2015 인구주택총조사 성씨·본관별 인구,2015,전국 130명 · KOSIS DT_1IN15SB
200222,浪,랑,,,true,NEUTRAL,통계청 2015 인구주택총조사 성씨·본관별 인구,2015,전국 125명 · KOSIS DT_1IN15SB
200223,西,서,,,true,NEUTRAL,통계청 2015 인구주택총조사 성씨·본관별 인구,2015,전국 125명 · KOSIS DT_1IN15SB
200224,鞫,국,,,true,NEUTRAL,통계청 2015 인구주택총조사 성씨·본관별 인구,2015,전국 124명 · KOSIS DT_1IN15SB
200225,萬,만,,,true,NEUTRAL,통계청 2015 인구주택총조사 성씨·본관별 인구,2015,전국 124명 · KOSIS DT_1IN15SB
200226,枊,유,,,true,NEUTRAL,통계청 2015 인구주택총조사 성씨·본관별 인구,2015,전국 121명 · KOSIS DT_1IN15SB
200227,弼,필,,,true,NEUTRAL,통계청 2015 인구주택총조사 성씨·본관별 인구,2015,전국 121명 · KOSIS DT_1IN15SB
200228,漢,한,,,true,NEUTRAL,통계청 2015 인구주택총조사 성씨·본관별 인구,2015,전국 120명 · KOSIS DT_1IN15SB
200229,頓,돈,,,true,NEUTRAL,통계청 2015 인구주택총조사 성씨·본관별 인구,2015,전국 117명 · KOSIS DT_1IN15SB
200230,將,장,,,true,NEUTRAL,통계청 2015 인구주택총조사 성씨·본관별 인구,2015,전국 109명 · KOSIS DT_1IN15SB
200231,何,하,,,true,NEUTRAL,통계청 2015 인구주택총조사 성씨·본관별 인구,2015,전국 105명 · KOSIS DT_1IN15SB
200232,鮮,선,,,true,NEUTRAL,통계청 2015 인구주택총조사 성씨·본관별 인구,2015,전국 103명 · KOSIS DT_1IN15SB
200233,雲,운,,,true,NEUTRAL,통계청 2015 인구주택총조사 성씨·본관별 인구,2015,전국 97명 · KOSIS DT_1IN15SB
200234,曲,곡,,,true,NEUTRAL,통계청 2015 인구주택총조사 성씨·본관별 인구,2015,전국 89명 · KOSIS DT_1IN15SB
200235,楔,설,,,true,NEUTRAL,통계청 2015 인구주택총조사 성씨·본관별 인구,2015,전국 86명 · KOSIS DT_1IN15SB
200236,邱,구,,,true,NEUTRAL,통계청 2015 인구주택총조사 성씨·본관별 인구,2015,전국 83명 · KOSIS DT_1IN15SB
200237,莘,신,,,true,NEUTRAL,통계청 2015 인구주택총조사 성씨·본관별 인구,2015,전국 81명 · KOSIS DT_1IN15SB
200238,漁,어,,,true,NEUTRAL,통계청 2015 인구주택총조사 성씨·본관별 인구,2015,전국 80명 · KOSIS DT_1IN15SB
200239,深,심,,,true,NEUTRAL,통계청 2015 인구주택총조사 성씨·본관별 인구,2015,전국 78명 · KOSIS DT_1IN15SB
200240,調,조,,,true,NEUTRAL,통계청 2015 인구주택총조사 성씨·본관별 인구,2015,전국 78명 · KOSIS DT_1IN15SB
200241,鄒,추,,,true,NEUTRAL,통계청 2015 인구주택총조사 성씨·본관별 인구,2015,전국 78명 · KOSIS DT_1IN15SB
200242,夜,야,,,true,NEUTRAL,통계청 2015 인구주택총조사 성씨·본관별 인구,2015,전국 77명 · KOSIS DT_1IN15SB
200243,肖,소,,,true,NEUTRAL,통계청 2015 인구주택총조사 성씨·본관별 인구,2015,전국 76명 · KOSIS DT_1IN15SB
200244,葉,섭,,,true,NEUTRAL,통계청 2015 인구주택총조사 성씨·본관별 인구,2015,전국 75명 · KOSIS DT_1IN15SB
200245,慈,자,,,true,NEUTRAL,통계청 2015 인구주택총조사 성씨·본관별 인구,2015,전국 75명 · KOSIS DT_1IN15SB
200246,新,신,,,true,NEUTRAL,통계청 2015 인구주택총조사 성씨·본관별 인구,2015,전국 74명 · KOSIS DT_1IN15SB
200247,淳,순,,,true,NEUTRAL,통계청 2015 인구주택총조사 성씨·본관별 인구,2015,전국 71명 · KOSIS DT_1IN15SB
200248,謝,사,,,true,NEUTRAL,통계청 2015 인구주택총조사 성씨·본관별 인구,2015,전국 61명 · KOSIS DT_1IN15SB
200249,刑,형,,,true,NEUTRAL,통계청 2015 인구주택총조사 성씨·본관별 인구,2015,전국 61명 · KOSIS DT_1IN15SB
200250,連,연,,,true,NEUTRAL,통계청 2015 인구주택총조사 성씨·본관별 인구,2015,전국 59명 · KOSIS DT_1IN15SB
200251,包,포,,,true,NEUTRAL,통계청 2015 인구주택총조사 성씨·본관별 인구,2015,전국 57명 · KOSIS DT_1IN15SB
200252,烘,홍,,,true,NEUTRAL,통계청 2015 인구주택총조사 성씨·본관별 인구,2015,전국 57명 · KOSIS DT_1IN15SB
200253,箕,기,,,true,NEUTRAL,통계청 2015 인구주택총조사 성씨·본관별 인구,2015,전국 56명 · KOSIS DT_1IN15SB
200254,侯,후,,,true,NEUTRAL,통계청 2015 인구주택총조사 성씨·본관별 인구,2015,전국 55명 · KOSIS DT_1IN15SB
200255,原,원,,,true,NEUTRAL,통계청 2015 인구주택총조사 성씨·본관별 인구,2015,전국 54명 · KOSIS DT_1IN15SB
200256,藏,장,,,true,NEUTRAL,통계청 2015 인구주택총조사 성씨·본관별 인구,2015,전국 53명 · KOSIS DT_1IN15SB
200257,畢,필,,,true,NEUTRAL,통계청 2015 인구주택총조사 성씨·본관별 인구,2015,전국 53명 · KOSIS DT_1IN15SB
200258,虜,노,,,true,NEUTRAL,통계청 2015 인구주택총조사 성씨·본관별 인구,2015,전국 51명 · KOSIS DT_1IN15SB
200259,寉,최,,,true,NEUTRAL,통계청 2015 인구주택총조사 성씨·본관별 인구,2015,전국 49명 · KOSIS DT_1IN15SB
200260,宇,우,,,true,NEUTRAL,통계청 2015 인구주택총조사 성씨·본관별 인구,2015,전국 48명 · KOSIS DT_1IN15SB
200261,潢,황,,,true,NEUTRAL,통계청 2015 인구주택총조사 성씨·본관별 인구,2015,전국 48명 · KOSIS DT_1IN15SB
200262,譚,담,,,true,NEUTRAL,통계청 2015 인구주택총조사 성씨·본관별 인구,2015,전국 47명 · KOSIS DT_1IN15SB
200263,林,림,,,true,NEUTRAL,통계청 2015 인구주택총조사 성씨·본관별 인구,2015,전국 47명 · KOSIS DT_1IN15SB
200264,舍,사,,,true,NEUTRAL,통계청 2015 인구주택총조사 성씨·본관별 인구,2015,전국 46명 · KOSIS DT_1IN15SB
200265,路,로,,,true,NEUTRAL,통계청 2015 인구주택총조사 성씨·본관별 인구,2015,전국 45명 · KOSIS DT_1IN15SB
200266,阮,원,,,true,NEUTRAL,통계청 2015 인구주택총조사 성씨·본관별 인구,2015,전국 45명 · KOSIS DT_1IN15SB
200267,眞,진,,,true,NEUTRAL,통계청 2015 인구주택총조사 성씨·본관별 인구,2015,전국 45명 · KOSIS DT_1IN15SB
200268,黃甫,황보,,,true,NEUTRAL,통계청 2015 인구주택총조사 성씨·본관별 인구,2015,전국 44명 · KOSIS DT_1IN15SB
200269,菊,국,,,true,NEUTRAL,통계청 2015 인구주택총조사 성씨·본관별 인구,2015,전국 43명 · KOSIS DT_1IN15SB
200270,釋,석,,,true,NEUTRAL,통계청 2015 인구주택총조사 성씨·본관별 인구,2015,전국 42명 · KOSIS DT_1IN15SB
200271,桯,정,,,true,NEUTRAL,통계청 2015 인구주택총조사 성씨·본관별 인구,2015,전국 41명 · KOSIS DT_1IN15SB
200272,鮮宇,선우,,,true,NEUTRAL,통계청 2015 인구주택총조사 성씨·본관별 인구,2015,전국 40명 · KOSIS DT_1IN15SB
200273,賀,하,,,true,NEUTRAL,통계청 2015 인구주택총조사 성씨·본관별 인구,2015,전국 40명 · KOSIS DT_1IN15SB
200274,遜,손,,,true,NEUTRAL,통계청 2015 인구주택총조사 성씨·본관별 인구,2015,전국 39명 · KOSIS DT_1IN15SB
200275,䜤,홍,,,true,NEUTRAL,통계청 2015 인구주택총조사 성씨·본관별 인구,2015,전국 38명 · KOSIS DT_1IN15SB
200276,國,국,,,true,NEUTRAL,통계청 2015 인구주택총조사 성씨·본관별 인구,2015,전국 37명 · KOSIS DT_1IN15SB
200277,心,심,,,true,NEUTRAL,통계청 2015 인구주택총조사 성씨·본관별 인구,2015,전국 37명 · KOSIS DT_1IN15SB
200278,民,민,,,true,NEUTRAL,통계청 2015 인구주택총조사 성씨·본관별 인구,2015,전국 36명 · KOSIS DT_1IN15SB
200279,初,초,,,true,NEUTRAL,통계청 2015 인구주택총조사 성씨·본관별 인구,2015,전국 36명 · KOSIS DT_1IN15SB
200280,道,도,,,true,NEUTRAL,통계청 2015 인구주택총조사 성씨·본관별 인구,2015,전국 35명 · KOSIS DT_1IN15SB
200281,郝,학,,,true,NEUTRAL,통계청 2015 인구주택총조사 성씨·본관별 인구,2015,전국 35명 · KOSIS DT_1IN15SB
200282,江,강,,,true,NEUTRAL,통계청 2015 인구주택총조사 성씨·본관별 인구,2015,전국 34명 · KOSIS DT_1IN15SB
200283,隋,수,,,true,NEUTRAL,통계청 2015 인구주택총조사 성씨·본관별 인구,2015,전국 34명 · KOSIS DT_1IN15SB
200284,顧,고,,,true,NEUTRAL,통계청 2015 인구주택총조사 성씨·본관별 인구,2015,전국 33명 · KOSIS DT_1IN15SB
200285,蘿,나,,,true,NEUTRAL,통계청 2015 인구주택총조사 성씨·본관별 인구,2015,전국 33명 · KOSIS DT_1IN15SB
200286,造,조,,,true,NEUTRAL,통계청 2015 인구주택총조사 성씨·본관별 인구,2015,전국 33명 · KOSIS DT_1IN15SB
200287,主,주,,,true,NEUTRAL,통계청 2015 인구주택총조사 성씨·본관별 인구,2015,전국 33명 · KOSIS DT_1IN15SB
200288,鳳,봉,,,true,NEUTRAL,통계청 2015 인구주택총조사 성씨·본관별 인구,2015,전국 32명 · KOSIS DT_1IN15SB
200289,姚,요,,,true,NEUTRAL,통계청 2015 인구주택총조사 성씨·본관별 인구,2015,전국 29명 · KOSIS DT_1IN15SB
200290,定,정,,,true,NEUTRAL,통계청 2015 인구주택총조사 성씨·본관별 인구,2015,전국 29명 · KOSIS DT_1IN15SB
200291,杻,유,,,true,NEUTRAL,통계청 2015 인구주택총조사 성씨·본관별 인구,2015,전국 28명 · KOSIS DT_1IN15SB
200292,形,형,,,true,NEUTRAL,통계청 2015 인구주택총조사 성씨·본관별 인구,2015,전국 28명 · KOSIS DT_1IN15SB
200293,顔,안,,,true,NEUTRAL,통계청 2015 인구주택총조사 성씨·본관별 인구,2015,전국 27명 · KOSIS DT_1IN15SB
200294,有,유,,,true,NEUTRAL,통계청 2015 인구주택총조사 성씨·본관별 인구,2015,전국 27명 · KOSIS DT_1IN15SB
200295,場,장,,,true,NEUTRAL,통계청 2015 인구주택총조사 성씨·본관별 인구,2015,전국 27명 · KOSIS DT_1IN15SB
200296,叢,총,,,true,NEUTRAL,통계청 2015 인구주택총조사 성씨·본관별 인구,2015,전국 27명 · KOSIS DT_1IN15SB
200297,沙,사,,,true,NEUTRAL,통계청 2015 인구주택총조사 성씨·본관별 인구,2015,전국 26명 · KOSIS DT_1IN15SB
200298,金,금,,,true,NEUTRAL,통계청 2015 인구주택총조사 성씨·본관별 인구,2015,전국 25명 · KOSIS DT_1IN15SB
200299,付,부,,,true,NEUTRAL,통계청 2015 인구주택총조사 성씨·본관별 인구,2015,전국 25명 · KOSIS DT_1IN15SB
200300,森,삼,,,true,NEUTRAL,통계청 2015 인구주택총조사 성씨·본관별 인구,2015,전국 25명 · KOSIS DT_1IN15SB
200301,裝,장,,,true,NEUTRAL,통계청 2015 인구주택총조사 성씨·본관별 인구,2015,전국 25명 · KOSIS DT_1IN15SB
200302,艾,애,,,true,NEUTRAL,통계청 2015 인구주택총조사 성씨·본관별 인구,2015,전국 24명 · KOSIS DT_1IN15SB
200303,閻,염,,,true,NEUTRAL,통계청 2015 인구주택총조사 성씨·본관별 인구,2015,전국 24명 · KOSIS DT_1IN15SB
200304,最,최,,,true,NEUTRAL,통계청 2015 인구주택총조사 성씨·본관별 인구,2015,전국 24명 · KOSIS DT_1IN15SB
200305,傅,부,,,true,NEUTRAL,통계청 2015 인구주택총조사 성씨·본관별 인구,2015,전국 23명 · KOSIS DT_1IN15SB
200306,伊,이,,,true,NEUTRAL,통계청 2015 인구주택총조사 성씨·본관별 인구,2015,전국 23명 · KOSIS DT_1IN15SB
200307,奈,내,,,true,NEUTRAL,통계청 2015 인구주택총조사 성씨·본관별 인구,2015,전국 22명 · KOSIS DT_1IN15SB
200308,案,안,,,true,NEUTRAL,통계청 2015 인구주택총조사 성씨·본관별 인구,2015,전국 22명 · KOSIS DT_1IN15SB
200309,伍,오,,,true,NEUTRAL,통계청 2015 인구주택총조사 성씨·본관별 인구,2015,전국 22명 · KOSIS DT_1IN15SB
200310,正,정,,,true,NEUTRAL,통계청 2015 인구주택총조사 성씨·본관별 인구,2015,전국 22명 · KOSIS DT_1IN15SB
200311,苗,묘,,,true,NEUTRAL,통계청 2015 인구주택총조사 성씨·본관별 인구,2015,전국 21명 · KOSIS DT_1IN15SB
200312,芸,운,,,true,NEUTRAL,통계청 2015 인구주택총조사 성씨·본관별 인구,2015,전국 21명 · KOSIS DT_1IN15SB
200313,苑,원,,,true,NEUTRAL,통계청 2015 인구주택총조사 성씨·본관별 인구,2015,전국 21명 · KOSIS DT_1IN15SB
200314,院,원,,,true,NEUTRAL,통계청 2015 인구주택총조사 성씨·본관별 인구,2015,전국 21명 · KOSIS DT_1IN15SB
200315,單,단,,,true,NEUTRAL,통계청 2015 인구주택총조사 성씨·본관별 인구,2015,전국 20명 · KOSIS DT_1IN15SB
200316,㧕,류,,,true,NEUTRAL,통계청 2015 인구주택총조사 성씨·본관별 인구,2015,전국 20명 · KOSIS DT_1IN15SB
200317,富,부,,,true,NEUTRAL,통계청 2015 인구주택총조사 성씨·본관별 인구,2015,전국 20명 · KOSIS DT_1IN15SB
200318,常,상,,,true,NEUTRAL,통계청 2015 인구주택총조사 성씨·본관별 인구,2015,전국 20명 · KOSIS DT_1IN15SB
200319,燕,연,,,true,NEUTRAL,통계청 2015 인구주택총조사 성씨·본관별 인구,2015,전국 20명 · KOSIS DT_1IN15SB
200320,雷,뇌,,,true,NEUTRAL,통계청 2015 인구주택총조사 성씨·본관별 인구,2015,전국 19명 · KOSIS DT_1IN15SB
200321,呂,려,,,true,NEUTRAL,통계청 2015 인구주택총조사 성씨·본관별 인구,2015,전국 19명 · KOSIS DT_1IN15SB
200322,雷,뢰,,,true,NEUTRAL,통계청 2015 인구주택총조사 성씨·본관별 인구,2015,전국 19명 · KOSIS DT_1IN15SB
200323,吾,오,,,true,NEUTRAL,통계청 2015 인구주택총조사 성씨·본관별 인구,2015,전국 19명 · KOSIS DT_1IN15SB
200324,利,이,,,true,NEUTRAL,통계청 2015 인구주택총조사 성씨·본관별 인구,2015,전국 19명 · KOSIS DT_1IN15SB
200325,京,경,,,true,NEUTRAL,통계청 2015 인구주택총조사 성씨·본관별 인구,2015,전국 18명 · KOSIS DT_1IN15SB
200326,松,송,,,true,NEUTRAL,통계청 2015 인구주택총조사 성씨·본관별 인구,2015,전국 18명 · KOSIS DT_1IN15SB
200327,遲,지,,,true,NEUTRAL,통계청 2015 인구주택총조사 성씨·본관별 인구,2015,전국 18명 · KOSIS DT_1IN15SB
200328,弘,홍,,,true,NEUTRAL,통계청 2015 인구주택총조사 성씨·본관별 인구,2015,전국 18명 · KOSIS DT_1IN15SB
200329,麴,국,,,true,NEUTRAL,통계청 2015 인구주택총조사 성씨·본관별 인구,2015,전국 17명 · KOSIS DT_1IN15SB
200330,邏,나,,,true,NEUTRAL,통계청 2015 인구주택총조사 성씨·본관별 인구,2015,전국 17명 · KOSIS DT_1IN15SB
200331,獨,독,,,true,NEUTRAL,통계청 2015 인구주택총조사 성씨·본관별 인구,2015,전국 17명 · KOSIS DT_1IN15SB
200332,慕,모,,,true,NEUTRAL,통계청 2015 인구주택총조사 성씨·본관별 인구,2015,전국 17명 · KOSIS DT_1IN15SB
200333,簾,염,,,true,NEUTRAL,통계청 2015 인구주택총조사 성씨·본관별 인구,2015,전국 17명 · KOSIS DT_1IN15SB
200334,珠,주,,,true,NEUTRAL,통계청 2015 인구주택총조사 성씨·본관별 인구,2015,전국 17명 · KOSIS DT_1IN15SB
200335,橋,교,,,true,NEUTRAL,통계청 2015 인구주택총조사 성씨·본관별 인구,2015,전국 16명 · KOSIS DT_1IN15SB
200336,米,미,,,true,NEUTRAL,통계청 2015 인구주택총조사 성씨·본관별 인구,2015,전국 16명 · KOSIS DT_1IN15SB
200337,丕,비,,,true,NEUTRAL,통계청 2015 인구주택총조사 성씨·본관별 인구,2015,전국 16명 · KOSIS DT_1IN15SB
200338,西問,서문,,,true,NEUTRAL,통계청 2015 인구주택총조사 성씨·본관별 인구,2015,전국 16명 · KOSIS DT_1IN15SB
200339,黎,여,,,true,NEUTRAL,통계청 2015 인구주택총조사 성씨·본관별 인구,2015,전국 16명 · KOSIS DT_1IN15SB
200340,汪,왕,,,true,NEUTRAL,통계청 2015 인구주택총조사 성씨·본관별 인구,2015,전국 16명 · KOSIS DT_1IN15SB
200341,李,이,,,true,NEUTRAL,통계청 2015 인구주택총조사 성씨·본관별 인구,2015,전국 16명 · KOSIS DT_1IN15SB
200342,關,관,,,true,NEUTRAL,통계청 2015 인구주택총조사 성씨·본관별 인구,2015,전국 15명 · KOSIS DT_1IN15SB
200343,宮,궁,,,true,NEUTRAL,통계청 2015 인구주택총조사 성씨·본관별 인구,2015,전국 15명 · KOSIS DT_1IN15SB
200344,卢,노,,,true,NEUTRAL,통계청 2015 인구주택총조사 성씨·본관별 인구,2015,전국 15명 · KOSIS DT_1IN15SB
200345,武,무,,,true,NEUTRAL,통계청 2015 인구주택총조사 성씨·본관별 인구,2015,전국 15명 · KOSIS DT_1IN15SB
200346,防,방,,,true,NEUTRAL,통계청 2015 인구주택총조사 성씨·본관별 인구,2015,전국 15명 · KOSIS DT_1IN15SB
200347,尚,상,,,true,NEUTRAL,통계청 2015 인구주택총조사 성씨·본관별 인구,2015,전국 15명 · KOSIS DT_1IN15SB
200348,蕭,소,,,true,NEUTRAL,통계청 2015 인구주택총조사 성씨·본관별 인구,2015,전국 15명 · KOSIS DT_1IN15SB
200349,銀,은,,,true,NEUTRAL,통계청 2015 인구주택총조사 성씨·본관별 인구,2015,전국 15명 · KOSIS DT_1IN15SB
200350,赵,조,,,true,NEUTRAL,통계청 2015 인구주택총조사 성씨·본관별 인구,2015,전국 15명 · KOSIS DT_1IN15SB
200351,價,가,,,true,NEUTRAL,통계청 2015 인구주택총조사 성씨·본관별 인구,2015,전국 14명 · KOSIS DT_1IN15SB
200352,代,대,,,true,NEUTRAL,통계청 2015 인구주택총조사 성씨·본관별 인구,2015,전국 14명 · KOSIS DT_1IN15SB
200353,東,동,,,true,NEUTRAL,통계청 2015 인구주택총조사 성씨·본관별 인구,2015,전국 14명 · KOSIS DT_1IN15SB
200354,榮,영,,,true,NEUTRAL,통계청 2015 인구주택총조사 성씨·본관별 인구,2015,전국 14명 · KOSIS DT_1IN15SB
200355,蔯,진,,,true,NEUTRAL,통계청 2015 인구주택총조사 성씨·본관별 인구,2015,전국 14명 · KOSIS DT_1IN15SB
200356,進,진,,,true,NEUTRAL,통계청 2015 인구주택총조사 성씨·본관별 인구,2015,전국 14명 · KOSIS DT_1IN15SB
200357,采,채,,,true,NEUTRAL,통계청 2015 인구주택총조사 성씨·본관별 인구,2015,전국 14명 · KOSIS DT_1IN15SB
200358,罗,나,,,true,NEUTRAL,통계청 2015 인구주택총조사 성씨·본관별 인구,2015,전국 13명 · KOSIS DT_1IN15SB
200359,魯,로,,,true,NEUTRAL,통계청 2015 인구주택총조사 성씨·본관별 인구,2015,전국 13명 · KOSIS DT_1IN15SB
200360,變,변,,,true,NEUTRAL,통계청 2015 인구주택총조사 성씨·본관별 인구,2015,전국 13명 · KOSIS DT_1IN15SB
200361,杉,삼,,,true,NEUTRAL,통계청 2015 인구주택총조사 성씨·본관별 인구,2015,전국 13명 · KOSIS DT_1IN15SB
200362,書,서,,,true,NEUTRAL,통계청 2015 인구주택총조사 성씨·본관별 인구,2015,전국 13명 · KOSIS DT_1IN15SB
200363,盛,성,,,true,NEUTRAL,통계청 2015 인구주택총조사 성씨·본관별 인구,2015,전국 13명 · KOSIS DT_1IN15SB
200364,圓,원,,,true,NEUTRAL,통계청 2015 인구주택총조사 성씨·본관별 인구,2015,전국 13명 · KOSIS DT_1IN15SB
200365,恩,은,,,true,NEUTRAL,통계청 2015 인구주택총조사 성씨·본관별 인구,2015,전국 13명 · KOSIS DT_1IN15SB
200366,壬,임,,,true,NEUTRAL,통계청 2015 인구주택총조사 성씨·본관별 인구,2015,전국 13명 · KOSIS DT_1IN15SB
200367,臧,장,,,true,NEUTRAL,통계청 2015 인구주택총조사 성씨·본관별 인구,2015,전국 13명 · KOSIS DT_1IN15SB
200368,珍,진,,,true,NEUTRAL,통계청 2015 인구주택총조사 성씨·본관별 인구,2015,전국 13명 · KOSIS DT_1IN15SB
200369,候,후,,,true,NEUTRAL,통계청 2015 인구주택총조사 성씨·본관별 인구,2015,전국 13명 · KOSIS DT_1IN15SB
200370,谷,곡,,,true,NEUTRAL,통계청 2015 인구주택총조사 성씨·본관별 인구,2015,전국 12명 · KOSIS DT_1IN15SB
200371,旁,방,,,true,NEUTRAL,통계청 2015 인구주택총조사 성씨·본관별 인구,2015,전국 12명 · KOSIS DT_1IN15SB
200372,伯,백,,,true,NEUTRAL,통계청 2015 인구주택총조사 성씨·본관별 인구,2015,전국 12명 · KOSIS DT_1IN15SB
200373,範,범,,,true,NEUTRAL,통계청 2015 인구주택총조사 성씨·본관별 인구,2015,전국 12명 · KOSIS DT_1IN15SB
200374,司公,사공,,,true,NEUTRAL,통계청 2015 인구주택총조사 성씨·본관별 인구,2015,전국 12명 · KOSIS DT_1IN15SB
200375,信,신,,,true,NEUTRAL,통계청 2015 인구주택총조사 성씨·본관별 인구,2015,전국 12명 · KOSIS DT_1IN15SB
200376,洋,양,,,true,NEUTRAL,통계청 2015 인구주택총조사 성씨·본관별 인구,2015,전국 12명 · KOSIS DT_1IN15SB
200377,严,엄,,,true,NEUTRAL,통계청 2015 인구주택총조사 성씨·본관별 인구,2015,전국 12명 · KOSIS DT_1IN15SB
200378,楡,유,,,true,NEUTRAL,통계청 2015 인구주택총조사 성씨·본관별 인구,2015,전국 12명 · KOSIS DT_1IN15SB
200379,齊,제,,,true,NEUTRAL,통계청 2015 인구주택총조사 성씨·본관별 인구,2015,전국 12명 · KOSIS DT_1IN15SB
200380,许,허,,,true,NEUTRAL,통계청 2015 인구주택총조사 성씨·본관별 인구,2015,전국 12명 · KOSIS DT_1IN15SB
200381,㩲,권,,,true,NEUTRAL,통계청 2015 인구주택총조사 성씨·본관별 인구,2015,전국 11명 · KOSIS DT_1IN15SB
200382,男,남,,,true,NEUTRAL,통계청 2015 인구주택총조사 성씨·본관별 인구,2015,전국 11명 · KOSIS DT_1IN15SB
200383,滕,등,,,true,NEUTRAL,통계청 2015 인구주택총조사 성씨·본관별 인구,2015,전국 11명 · KOSIS DT_1IN15SB
200384,穆,목,,,true,NEUTRAL,통계청 2015 인구주택총조사 성씨·본관별 인구,2015,전국 11명 · KOSIS DT_1IN15SB
200385,芳,방,,,true,NEUTRAL,통계청 2015 인구주택총조사 성씨·본관별 인구,2015,전국 11명 · KOSIS DT_1IN15SB
200386,蘚于,선우,,,true,NEUTRAL,통계청 2015 인구주택총조사 성씨·본관별 인구,2015,전국 11명 · KOSIS DT_1IN15SB
200387,伸,신,,,true,NEUTRAL,통계청 2015 인구주택총조사 성씨·본관별 인구,2015,전국 11명 · KOSIS DT_1IN15SB
200388,愚,우,,,true,NEUTRAL,통계청 2015 인구주택총조사 성씨·본관별 인구,2015,전국 11명 · KOSIS DT_1IN15SB
200389,牛,우,,,true,NEUTRAL,통계청 2015 인구주택총조사 성씨·본관별 인구,2015,전국 11명 · KOSIS DT_1IN15SB
200390,允,윤,,,true,NEUTRAL,통계청 2015 인구주택총조사 성씨·본관별 인구,2015,전국 11명 · KOSIS DT_1IN15SB
200391,諸曷,제갈,,,true,NEUTRAL,통계청 2015 인구주택총조사 성씨·본관별 인구,2015,전국 11명 · KOSIS DT_1IN15SB
200392,䄅,진,,,true,NEUTRAL,통계청 2015 인구주택총조사 성씨·본관별 인구,2015,전국 11명 · KOSIS DT_1IN15SB
200393,喬,교,,,true,NEUTRAL,통계청 2015 인구주택총조사 성씨·본관별 인구,2015,전국 10명 · KOSIS DT_1IN15SB
200394,券,권,,,true,NEUTRAL,통계청 2015 인구주택총조사 성씨·본관별 인구,2015,전국 10명 · KOSIS DT_1IN15SB
200395,紀,기,,,true,NEUTRAL,통계청 2015 인구주택총조사 성씨·본관별 인구,2015,전국 10명 · KOSIS DT_1IN15SB
200396,欒,란,,,true,NEUTRAL,통계청 2015 인구주택총조사 성씨·본관별 인구,2015,전국 10명 · KOSIS DT_1IN15SB
200397,輩,배,,,true,NEUTRAL,통계청 2015 인구주택총조사 성씨·본관별 인구,2015,전국 10명 · KOSIS DT_1IN15SB
200398,辥,설,,,true,NEUTRAL,통계청 2015 인구주택총조사 성씨·본관별 인구,2015,전국 10명 · KOSIS DT_1IN15SB
200399,影,영,,,true,NEUTRAL,통계청 2015 인구주택총조사 성씨·본관별 인구,2015,전국 10명 · KOSIS DT_1IN15SB
200400,泰,태,,,true,NEUTRAL,통계청 2015 인구주택총조사 성씨·본관별 인구,2015,전국 10명 · KOSIS DT_1IN15SB
200401,㤨,홍,,,true,NEUTRAL,통계청 2015 인구주택총조사 성씨·본관별 인구,2015,전국 10명 · KOSIS DT_1IN15SB
200402,剛,강,,,true,NEUTRAL,통계청 2015 인구주택총조사 성씨·본관별 인구,2015,전국 9명 · KOSIS DT_1IN15SB
200403,戴,대,,,true,NEUTRAL,통계청 2015 인구주택총조사 성씨·본관별 인구,2015,전국 9명 · KOSIS DT_1IN15SB
200404,鄧,등,,,true,NEUTRAL,통계청 2015 인구주택총조사 성씨·본관별 인구,2015,전국 9명 · KOSIS DT_1IN15SB
200405,盧,로,,,true,NEUTRAL,통계청 2015 인구주택총조사 성씨·본관별 인구,2015,전국 9명 · KOSIS DT_1IN15SB
200406,山,산,,,true,NEUTRAL,통계청 2015 인구주택총조사 성씨·본관별 인구,2015,전국 9명 · KOSIS DT_1IN15SB
200407,鮮牛,선우,,,true,NEUTRAL,통계청 2015 인구주택총조사 성씨·본관별 인구,2015,전국 9명 · KOSIS DT_1IN15SB
200408,宬,성,,,true,NEUTRAL,통계청 2015 인구주택총조사 성씨·본관별 인구,2015,전국 9명 · KOSIS DT_1IN15SB
200409,送,송,,,true,NEUTRAL,통계청 2015 인구주택총조사 성씨·본관별 인구,2015,전국 9명 · KOSIS DT_1IN15SB
200410,葬,장,,,true,NEUTRAL,통계청 2015 인구주택총조사 성씨·본관별 인구,2015,전국 9명 · KOSIS DT_1IN15SB
200411,戰,전,,,true,NEUTRAL,통계청 2015 인구주택총조사 성씨·본관별 인구,2015,전국 9명 · KOSIS DT_1IN15SB
200412,朝,조,,,true,NEUTRAL,통계청 2015 인구주택총조사 성씨·본관별 인구,2015,전국 9명 · KOSIS DT_1IN15SB
200413,刁,조,,,true,NEUTRAL,통계청 2015 인구주택총조사 성씨·본관별 인구,2015,전국 9명 · KOSIS DT_1IN15SB
200414,增,증,,,true,NEUTRAL,통계청 2015 인구주택총조사 성씨·본관별 인구,2015,전국 9명 · KOSIS DT_1IN15SB
200415,曾,증,,,true,NEUTRAL,통계청 2015 인구주택총조사 성씨·본관별 인구,2015,전국 9명 · KOSIS DT_1IN15SB
200416,解,해,,,true,NEUTRAL,통계청 2015 인구주택총조사 성씨·본관별 인구,2015,전국 9명 · KOSIS DT_1IN15SB
200417,哄,홍,,,true,NEUTRAL,통계청 2015 인구주택총조사 성씨·본관별 인구,2015,전국 9명 · KOSIS DT_1IN15SB
200418,紅,홍,,,true,NEUTRAL,통계청 2015 인구주택총조사 성씨·본관별 인구,2015,전국 9명 · KOSIS DT_1IN15SB
200419,芩,금,,,true,NEUTRAL,통계청 2015 인구주택총조사 성씨·본관별 인구,2015,전국 8명 · KOSIS DT_1IN15SB
200420,钅,김,,,true,NEUTRAL,통계청 2015 인구주택총조사 성씨·본관별 인구,2015,전국 8명 · KOSIS DT_1IN15SB
200421,欒,난,,,true,NEUTRAL,통계청 2015 인구주택총조사 성씨·본관별 인구,2015,전국 8명 · KOSIS DT_1IN15SB
200422,網切,망절,,,true,NEUTRAL,통계청 2015 인구주택총조사 성씨·본관별 인구,2015,전국 8명 · KOSIS DT_1IN15SB
200423,賔,빈,,,true,NEUTRAL,통계청 2015 인구주택총조사 성씨·본관별 인구,2015,전국 8명 · KOSIS DT_1IN15SB
200424,緖,서,,,true,NEUTRAL,통계청 2015 인구주택총조사 성씨·본관별 인구,2015,전국 8명 · KOSIS DT_1IN15SB
200425,星,성,,,true,NEUTRAL,통계청 2015 인구주택총조사 성씨·본관별 인구,2015,전국 8명 · KOSIS DT_1IN15SB
200426,小,소,,,true,NEUTRAL,통계청 2015 인구주택총조사 성씨·본관별 인구,2015,전국 8명 · KOSIS DT_1IN15SB
200427,損,손,,,true,NEUTRAL,통계청 2015 인구주택총조사 성씨·본관별 인구,2015,전국 8명 · KOSIS DT_1IN15SB
200428,水,수,,,true,NEUTRAL,통계청 2015 인구주택총조사 성씨·본관별 인구,2015,전국 8명 · KOSIS DT_1IN15SB
200429,魚金,어금,,,true,NEUTRAL,통계청 2015 인구주택총조사 성씨·본관별 인구,2015,전국 8명 · KOSIS DT_1IN15SB
200430,衛,위,,,true,NEUTRAL,통계청 2015 인구주택총조사 성씨·본관별 인구,2015,전국 8명 · KOSIS DT_1IN15SB
200431,由,유,,,true,NEUTRAL,통계청 2015 인구주택총조사 성씨·본관별 인구,2015,전국 8명 · KOSIS DT_1IN15SB
200432,汗,한,,,true,NEUTRAL,통계청 2015 인구주택총조사 성씨·본관별 인구,2015,전국 8명 · KOSIS DT_1IN15SB
200433,鎬,호,,,true,NEUTRAL,통계청 2015 인구주택총조사 성씨·본관별 인구,2015,전국 8명 · KOSIS DT_1IN15SB
200434,荒,황,,,true,NEUTRAL,통계청 2015 인구주택총조사 성씨·본관별 인구,2015,전국 8명 · KOSIS DT_1IN15SB
200435,禁,금,,,true,NEUTRAL,통계청 2015 인구주택총조사 성씨·본관별 인구,2015,전국 7명 · KOSIS DT_1IN15SB
200436,多,다,,,true,NEUTRAL,통계청 2015 인구주택총조사 성씨·본관별 인구,2015,전국 7명 · KOSIS DT_1IN15SB
200437,到,도,,,true,NEUTRAL,통계청 2015 인구주택총조사 성씨·본관별 인구,2015,전국 7명 · KOSIS DT_1IN15SB
200438,蘿,라,,,true,NEUTRAL,통계청 2015 인구주택총조사 성씨·본관별 인구,2015,전국 7명 · KOSIS DT_1IN15SB
200439,邏,라,,,true,NEUTRAL,통계청 2015 인구주택총조사 성씨·본관별 인구,2015,전국 7명 · KOSIS DT_1IN15SB
200440,門,문,,,true,NEUTRAL,통계청 2015 인구주택총조사 성씨·본관별 인구,2015,전국 7명 · KOSIS DT_1IN15SB
200441,敏,민,,,true,NEUTRAL,통계청 2015 인구주택총조사 성씨·본관별 인구,2015,전국 7명 · KOSIS DT_1IN15SB
200442,席,석,,,true,NEUTRAL,통계청 2015 인구주택총조사 성씨·본관별 인구,2015,전국 7명 · KOSIS DT_1IN15SB
200443,雪,설,,,true,NEUTRAL,통계청 2015 인구주택총조사 성씨·본관별 인구,2015,전국 7명 · KOSIS DT_1IN15SB
200444,杨,양,,,true,NEUTRAL,통계청 2015 인구주택총조사 성씨·본관별 인구,2015,전국 7명 · KOSIS DT_1IN15SB
200445,禮,예,,,true,NEUTRAL,통계청 2015 인구주택총조사 성씨·본관별 인구,2015,전국 7명 · KOSIS DT_1IN15SB
200446,偉,위,,,true,NEUTRAL,통계청 2015 인구주택총조사 성씨·본관별 인구,2015,전국 7명 · KOSIS DT_1IN15SB
200447,怡,이,,,true,NEUTRAL,통계청 2015 인구주택총조사 성씨·본관별 인구,2015,전국 7명 · KOSIS DT_1IN15SB
200448,壯,장,,,true,NEUTRAL,통계청 2015 인구주택총조사 성씨·본관별 인구,2015,전국 7명 · KOSIS DT_1IN15SB
200449,庄,장,,,true,NEUTRAL,통계청 2015 인구주택총조사 성씨·본관별 인구,2015,전국 7명 · KOSIS DT_1IN15SB
200450,株,주,,,true,NEUTRAL,통계청 2015 인구주택총조사 성씨·본관별 인구,2015,전국 7명 · KOSIS DT_1IN15SB
200451,陈,진,,,true,NEUTRAL,통계청 2015 인구주택총조사 성씨·본관별 인구,2015,전국 7명 · KOSIS DT_1IN15SB
200452,賢,현,,,true,NEUTRAL,통계청 2015 인구주택총조사 성씨·본관별 인구,2015,전국 7명 · KOSIS DT_1IN15SB
200453,槨,곽,,,true,NEUTRAL,통계청 2015 인구주택총조사 성씨·본관별 인구,2015,전국 6명 · KOSIS DT_1IN15SB
200454,那,나,,,true,NEUTRAL,통계청 2015 인구주택총조사 성씨·본관별 인구,2015,전국 6명 · KOSIS DT_1IN15SB
200455,努,노,,,true,NEUTRAL,통계청 2015 인구주택총조사 성씨·본관별 인구,2015,전국 6명 · KOSIS DT_1IN15SB
200456,度,도,,,true,NEUTRAL,통계청 2015 인구주택총조사 성씨·본관별 인구,2015,전국 6명 · KOSIS DT_1IN15SB
200457,桃,도,,,true,NEUTRAL,통계청 2015 인구주택총조사 성씨·본관별 인구,2015,전국 6명 · KOSIS DT_1IN15SB
200458,武本,무본,,,true,NEUTRAL,통계청 2015 인구주택총조사 성씨·본관별 인구,2015,전국 6명 · KOSIS DT_1IN15SB
200459,珉,민,,,true,NEUTRAL,통계청 2015 인구주택총조사 성씨·본관별 인구,2015,전국 6명 · KOSIS DT_1IN15SB
200460,博,박,,,true,NEUTRAL,통계청 2015 인구주택총조사 성씨·본관별 인구,2015,전국 6명 · KOSIS DT_1IN15SB
200461,培,배,,,true,NEUTRAL,통계청 2015 인구주택총조사 성씨·본관별 인구,2015,전국 6명 · KOSIS DT_1IN15SB
200462,背,배,,,true,NEUTRAL,통계청 2015 인구주택총조사 성씨·본관별 인구,2015,전국 6명 · KOSIS DT_1IN15SB
200463,配,배,,,true,NEUTRAL,통계청 2015 인구주택총조사 성씨·본관별 인구,2015,전국 6명 · KOSIS DT_1IN15SB
200464,柏,백,,,true,NEUTRAL,통계청 2015 인구주택총조사 성씨·본관별 인구,2015,전국 6명 · KOSIS DT_1IN15SB
200465,樊,번,,,true,NEUTRAL,통계청 2015 인구주택총조사 성씨·본관별 인구,2015,전국 6명 · KOSIS DT_1IN15SB
200466,寶,보,,,true,NEUTRAL,통계청 2015 인구주택총조사 성씨·본관별 인구,2015,전국 6명 · KOSIS DT_1IN15SB
200467,濱,빈,,,true,NEUTRAL,통계청 2015 인구주택총조사 성씨·본관별 인구,2015,전국 6명 · KOSIS DT_1IN15SB
200468,貧,빈,,,true,NEUTRAL,통계청 2015 인구주택총조사 성씨·본관별 인구,2015,전국 6명 · KOSIS DT_1IN15SB
200469,善,선,,,true,NEUTRAL,통계청 2015 인구주택총조사 성씨·본관별 인구,2015,전국 6명 · KOSIS DT_1IN15SB
200470,卨,설,,,true,NEUTRAL,통계청 2015 인구주택총조사 성씨·본관별 인구,2015,전국 6명 · KOSIS DT_1IN15SB
200471,城,성,,,true,NEUTRAL,통계청 2015 인구주택총조사 성씨·본관별 인구,2015,전국 6명 · KOSIS DT_1IN15SB
200472,卲,소,,,true,NEUTRAL,통계청 2015 인구주택총조사 성씨·본관별 인구,2015,전국 6명 · KOSIS DT_1IN15SB
200473,蓀,손,,,true,NEUTRAL,통계청 2015 인구주택총조사 성씨·본관별 인구,2015,전국 6명 · KOSIS DT_1IN15SB
200474,順,순,,,true,NEUTRAL,통계청 2015 인구주택총조사 성씨·본관별 인구,2015,전국 6명 · KOSIS DT_1IN15SB
200475,樑,양,,,true,NEUTRAL,통계청 2015 인구주택총조사 성씨·본관별 인구,2015,전국 6명 · KOSIS DT_1IN15SB
200476,㘙,엄,,,true,NEUTRAL,통계청 2015 인구주택총조사 성씨·본관별 인구,2015,전국 6명 · KOSIS DT_1IN15SB
200477,倪,예,,,true,NEUTRAL,통계청 2015 인구주택총조사 성씨·본관별 인구,2015,전국 6명 · KOSIS DT_1IN15SB
200478,藝,예,,,true,NEUTRAL,통계청 2015 인구주택총조사 성씨·본관별 인구,2015,전국 6명 · KOSIS DT_1IN15SB
200479,五,오,,,true,NEUTRAL,통계청 2015 인구주택총조사 성씨·본관별 인구,2015,전국 6명 · KOSIS DT_1IN15SB
200480,晤,오,,,true,NEUTRAL,통계청 2015 인구주택총조사 성씨·본관별 인구,2015,전국 6명 · KOSIS DT_1IN15SB
200481,阮,완,,,true,NEUTRAL,통계청 2015 인구주택총조사 성씨·본관별 인구,2015,전국 6명 · KOSIS DT_1IN15SB
200482,偶,우,,,true,NEUTRAL,통계청 2015 인구주택총조사 성씨·본관별 인구,2015,전국 6명 · KOSIS DT_1IN15SB
200483,遇,우,,,true,NEUTRAL,통계청 2015 인구주택총조사 성씨·본관별 인구,2015,전국 6명 · KOSIS DT_1IN15SB
200484,裕,유,,,true,NEUTRAL,통계청 2015 인구주택총조사 성씨·본관별 인구,2015,전국 6명 · KOSIS DT_1IN15SB
200485,潤,윤,,,true,NEUTRAL,통계청 2015 인구주택총조사 성씨·본관별 인구,2015,전국 6명 · KOSIS DT_1IN15SB
200486,宗,종,,,true,NEUTRAL,통계청 2015 인구주택총조사 성씨·본관별 인구,2015,전국 6명 · KOSIS DT_1IN15SB
200487,次,차,,,true,NEUTRAL,통계청 2015 인구주택총조사 성씨·본관별 인구,2015,전국 6명 · KOSIS DT_1IN15SB
200488,川,천,,,true,NEUTRAL,통계청 2015 인구주택총조사 성씨·본관별 인구,2015,전국 6명 · KOSIS DT_1IN15SB
200489,俵,표,,,true,NEUTRAL,통계청 2015 인구주택총조사 성씨·본관별 인구,2015,전국 6명 · KOSIS DT_1IN15SB
200490,虎,호,,,true,NEUTRAL,통계청 2015 인구주택총조사 성씨·본관별 인구,2015,전국 6명 · KOSIS DT_1IN15SB
200491,晃,황,,,true,NEUTRAL,통계청 2015 인구주택총조사 성씨·본관별 인구,2015,전국 6명 · KOSIS DT_1IN15SB
200492,后,후,,,true,NEUTRAL,통계청 2015 인구주택총조사 성씨·본관별 인구,2015,전국 6명 · KOSIS DT_1IN15SB
200493,間,간,,,true,NEUTRAL,통계청 2015 인구주택총조사 성씨·본관별 인구,2015,전국 5명 · KOSIS DT_1IN15SB
200494,㝩,강,,,true,NEUTRAL,통계청 2015 인구주택총조사 성씨·본관별 인구,2015,전국 5명 · KOSIS DT_1IN15SB
200495,耿,경,,,true,NEUTRAL,통계청 2015 인구주택총조사 성씨·본관별 인구,2015,전국 5명 · KOSIS DT_1IN15SB
200496,季,계,,,true,NEUTRAL,통계청 2015 인구주택총조사 성씨·본관별 인구,2015,전국 5명 · KOSIS DT_1IN15SB
200497,管,관,,,true,NEUTRAL,통계청 2015 인구주택총조사 성씨·본관별 인구,2015,전국 5명 · KOSIS DT_1IN15SB
200498,仇,구,,,true,NEUTRAL,통계청 2015 인구주택총조사 성씨·본관별 인구,2015,전국 5명 · KOSIS DT_1IN15SB
200499,南宫,남궁,,,true,NEUTRAL,통계청 2015 인구주택총조사 성씨·본관별 인구,2015,전국 5명 · KOSIS DT_1IN15SB
200500,覩,도,,,true,NEUTRAL,통계청 2015 인구주택총조사 성씨·본관별 인구,2015,전국 5명 · KOSIS DT_1IN15SB
200501,薫,동,,,true,NEUTRAL,통계청 2015 인구주택총조사 성씨·본관별 인구,2015,전국 5명 · KOSIS DT_1IN15SB
200502,藤井,등정,,,true,NEUTRAL,통계청 2015 인구주택총조사 성씨·본관별 인구,2015,전국 5명 · KOSIS DT_1IN15SB
200503,悶,민,,,true,NEUTRAL,통계청 2015 인구주택총조사 성씨·본관별 인구,2015,전국 5명 · KOSIS DT_1IN15SB
200504,旻,민,,,true,NEUTRAL,통계청 2015 인구주택총조사 성씨·본관별 인구,2015,전국 5명 · KOSIS DT_1IN15SB
200505,保,보,,,true,NEUTRAL,통계청 2015 인구주택총조사 성씨·본관별 인구,2015,전국 5명 · KOSIS DT_1IN15SB
200506,甫,보,,,true,NEUTRAL,통계청 2015 인구주택총조사 성씨·본관별 인구,2015,전국 5명 · KOSIS DT_1IN15SB
200507,商,상,,,true,NEUTRAL,통계청 2015 인구주택총조사 성씨·본관별 인구,2015,전국 5명 · KOSIS DT_1IN15SB
200508,所,소,,,true,NEUTRAL,통계청 2015 인구주택총조사 성씨·본관별 인구,2015,전국 5명 · KOSIS DT_1IN15SB
200509,昭,소,,,true,NEUTRAL,통계청 2015 인구주택총조사 성씨·본관별 인구,2015,전국 5명 · KOSIS DT_1IN15SB
200510,簫,소,,,true,NEUTRAL,통계청 2015 인구주택총조사 성씨·본관별 인구,2015,전국 5명 · KOSIS DT_1IN15SB
200511,洙,수,,,true,NEUTRAL,통계청 2015 인구주택총조사 성씨·본관별 인구,2015,전국 5명 · KOSIS DT_1IN15SB
200512,旬,순,,,true,NEUTRAL,통계청 2015 인구주택총조사 성씨·본관별 인구,2015,전국 5명 · KOSIS DT_1IN15SB
200513,時,시,,,true,NEUTRAL,통계청 2015 인구주택총조사 성씨·본관별 인구,2015,전국 5명 · KOSIS DT_1IN15SB
200514,樣,양,,,true,NEUTRAL,통계청 2015 인구주택총조사 성씨·본관별 인구,2015,전국 5명 · KOSIS DT_1IN15SB
200515,涎,연,,,true,NEUTRAL,통계청 2015 인구주택총조사 성씨·본관별 인구,2015,전국 5명 · KOSIS DT_1IN15SB
200516,尤,우,,,true,NEUTRAL,통계청 2015 인구주택총조사 성씨·본관별 인구,2015,전국 5명 · KOSIS DT_1IN15SB
200517,慇,은,,,true,NEUTRAL,통계청 2015 인구주택총조사 성씨·본관별 인구,2015,전국 5명 · KOSIS DT_1IN15SB
200518,㛅,이,,,true,NEUTRAL,통계청 2015 인구주택총조사 성씨·본관별 인구,2015,전국 5명 · KOSIS DT_1IN15SB
200519,恁,임,,,true,NEUTRAL,통계청 2015 인구주택총조사 성씨·본관별 인구,2015,전국 5명 · KOSIS DT_1IN15SB
200520,漿,장,,,true,NEUTRAL,통계청 2015 인구주택총조사 성씨·본관별 인구,2015,전국 5명 · KOSIS DT_1IN15SB
200521,张,장,,,true,NEUTRAL,통계청 2015 인구주택총조사 성씨·본관별 인구,2015,전국 5명 · KOSIS DT_1IN15SB
200522,情,정,,,true,NEUTRAL,통계청 2015 인구주택총조사 성씨·본관별 인구,2015,전국 5명 · KOSIS DT_1IN15SB
200523,諸渴,제갈,,,true,NEUTRAL,통계청 2015 인구주택총조사 성씨·본관별 인구,2015,전국 5명 · KOSIS DT_1IN15SB
200524,佐,좌,,,true,NEUTRAL,통계청 2015 인구주택총조사 성씨·본관별 인구,2015,전국 5명 · KOSIS DT_1IN15SB
200525,湯,탕,,,true,NEUTRAL,통계청 2015 인구주택총조사 성씨·본관별 인구,2015,전국 5명 · KOSIS DT_1IN15SB
200526,荷,하,,,true,NEUTRAL,통계청 2015 인구주택총조사 성씨·본관별 인구,2015,전국 5명 · KOSIS DT_1IN15SB
200527,恨,한,,,true,NEUTRAL,통계청 2015 인구주택총조사 성씨·본관별 인구,2015,전국 5명 · KOSIS DT_1IN15SB
200528,湖,호,,,true,NEUTRAL,통계청 2015 인구주택총조사 성씨·본관별 인구,2015,전국 5명 · KOSIS DT_1IN15SB
200529,煌,황,,,true,NEUTRAL,통계청 2015 인구주택총조사 성씨·본관별 인구,2015,전국 5명 · KOSIS DT_1IN15SB
200530,簧,황,,,true,NEUTRAL,통계청 2015 인구주택총조사 성씨·본관별 인구,2015,전국 5명 · KOSIS DT_1IN15SB
200531,荒木,황목,,,true,NEUTRAL,통계청 2015 인구주택총조사 성씨·본관별 인구,2015,전국 5명 · KOSIS DT_1IN15SB
